video_id,title,channel,published,category,region,view_count,like_count,comment_count,fetched_at
6D1yFt1Uook,Brawl Talk: A NEW BRAWLER RARITY?!,Brawl Stars,2025-04-19T15:00:10+00:00,20,US,8874452,406727,53766,2025-04-20T19:00:01.338704+00:00
RKZPMyAvEXs,Fortnite Galactic Battle Teaser Trailer,Fortnite,2025-04-20T02:27:10+00:00,22,US,801557,45884,3915,2025-04-20T19:00:01.338718+00:00
2C6omXxIcyE,"$1 vs $25,000 Build Challenge",MrBeast Gaming,2025-04-19T16:00:01+00:00,20,US,4344463,168703,5636,2025-04-20T19:00:01.338720+00:00
qjcQpic8r3U,WILD COMEBACK 🔥 Celta Vigo vs. Barcelona | LALIGA Highlights | ESPN FC,ESPN FC,2025-04-19T16:40:26+00:00,17,US,626295,10212,1297,2025-04-20T19:00:01.338722+00:00
9mEhaQQ0C8Y,"#6 TIMBERWOLVES at #3 LAKERS | FULL GAME 1 HIGHLIGHTS | April 19, 2025",NBA,2025-04-20T03:22:07+00:00,17,US,1956394,21597,5287,2025-04-20T19:00:01.338724+00:00
x0O0yTd8L-8,Audience member Max Fox’s SPONTANEOUS audition gets him a GOLDEN BUZZER! | Auditions | BGT 2025,Britain's Got Talent,2025-04-19T19:04:52+00:00,24,US,1037577,16498,2142,2025-04-20T19:00:01.338726+00:00
twUFbqyul_M,Ash Again / Gawr Gura x Casey Edwards,Gawr Gura Ch. hololive-EN,2025-04-20T00:45:44+00:00,20,US,1250009,224387,19201,2025-04-20T19:00:01.338728+00:00
9F7YXjxSzEs,"Remontada épica. Abajo por 2 goles, el Barcelona ganó 4-3 a Celta de Vigo. Raphinha, héroe | La Liga",ESPN Deportes,2025-04-19T16:28:15+00:00,17,US,2087185,34792,3609,2025-04-20T19:00:01.338729+00:00
riCP9x31Kuk,Doechii - Anxiety (Official Video),IamdoechiiVEVO,2025-04-18T15:00:06+00:00,10,US,4498170,367727,20487,2025-04-20T19:00:01.338731+00:00
IC8KsZniulw,THE GASLIGHT DISTRICT: PILOT,GLITCH,2025-04-18T22:00:06+00:00,1,US,5496640,509529,34262,2025-04-20T19:00:01.338733+00:00
pTfN28TR-SY,SIDEMEN AMONG US: PRISON BREAK EDITION,MoreSidemen,2025-04-19T18:15:05+00:00,22,US,2410880,102817,4230,2025-04-20T19:00:01.338734+00:00
GTAGFUy25J4,I did redstone for the Minecraft Movie,Mumbo Jumbo,2025-04-19T19:00:24+00:00,1,US,912068,76438,1901,2025-04-20T19:00:01.338736+00:00
HZtbD074LUY,Simulating an Ant Colony For 100 Days,TerraGreen,2025-04-19T12:00:36+00:00,15,US,707233,12548,1664,2025-04-20T19:00:01.338737+00:00
IqEQtrHaeJE,Telling My Husband I'm Pregnant,Taylor & Soph,2025-04-19T16:00:34+00:00,22,US,176790,7326,541,2025-04-20T19:00:01.338739+00:00
ccmQETThJgs,HIM | Official Teaser Trailer,Universal Pictures,2025-04-18T15:01:04+00:00,24,US,1474407,45263,5159,2025-04-20T19:00:01.338741+00:00
rcxnRaZ6slU,Star Wars Zero Company | Official Announce Trailer,EA Star Wars,2025-04-19T07:31:27+00:00,20,US,846333,27317,3231,2025-04-20T19:00:01.338742+00:00
0HeX7NmWmho,How writers GAS UP Blind Swordsmen.,CalebCity,2025-04-20T02:54:17+00:00,23,US,272213,49921,2112,2025-04-20T19:00:01.338744+00:00
sI0VDF65Cac,EBK Jaaybo - Homebody (Official Music Video),EBK Jaaybo,2025-04-19T00:00:07+00:00,10,US,395409,25041,3275,2025-04-20T19:00:01.338745+00:00
_8DA0ZQmSmc,The Best Things In Life Are Unexpected... WE'RE PREGNANT!,J Cook,2025-04-18T19:10:53+00:00,22,US,356266,21911,3089,2025-04-20T19:00:01.338747+00:00
9OPyZMVBO9o,Man. United vs. Lyon: Extended Highlights | UEL Quarter-final Leg 2 | CBS Sports Golazo - Europe,CBS Sports Golazo - Europe,2025-04-17T22:13:25+00:00,17,US,1613974,26957,5187,2025-04-20T19:00:01.338749+00:00
MRypBB6ERo4,Grox Villager Parkour Tournament!,Grox Live,2025-04-19T21:06:02+00:00,20,US,330548,15784,1042,2025-04-20T19:00:01.338751+00:00
VX-7ULUrssc,Noah Lyles & Erriyon Knighton ATTACK 400 Meter Dash In Florida || 2025 Tom Jones Invite,Total Running Productions,2025-04-19T21:28:46+00:00,17,US,269186,1971,258,2025-04-20T19:00:01.338752+00:00
pAsmrKyMqaA,The Fantastic Four: First Steps | Official Trailer | Only in Theaters July 25,Marvel Entertainment,2025-04-17T14:00:08+00:00,24,US,15874541,427572,32954,2025-04-20T19:00:01.338754+00:00
UUFJlUy5aA4,아스트로(ASTRO) - 꿈속의 문(Moon) : Memory of the Moon,ASTRO 아스트로,2025-04-19T09:00:10+00:00,10,US,2444856,520915,26060,2025-04-20T19:00:01.338756+00:00
JAd4K-Bgde0,FC BARCELONA 4 - 3 RC CELTA  I RESUMEN LALIGA EA SPORTS,LALIGA EA SPORTS,2025-04-19T16:41:39+00:00,17,US,3801862,83263,2643,2025-04-20T19:00:01.338758+00:00
XG1wg3ELG9w,My Daughter Survives TEN BROTHERS,Jordan Matter,2025-04-19T14:00:07+00:00,24,US,4492666,64298,10074,2025-04-20T19:00:01.338759+00:00
5_DLmgM7p98,Barcelona 4-3 Celta Vigo | LaLiga 24/25 Match Highlights,beIN SPORTS Thailand,2025-04-19T16:40:55+00:00,17,US,1401217,22957,970,2025-04-20T19:00:01.338761+00:00
A6CQjGV-Hgc,How To FIND ALL 30 EGG LOCATIONS In DRESS TO IMPRESS! Easter Egg Hunt Event! Roblox,NoobBlox,2025-04-19T16:15:54+00:00,22,US,181353,3341,415,2025-04-20T19:00:01.338762+00:00
Fwp8xL9PoiI,WE'RE PREGNANT | Baby #2!| our reactions & family reactions!,Alyssa & Dallin,2025-04-19T13:02:00+00:00,1,US,137530,4860,307,2025-04-20T19:00:01.338764+00:00
cN5vIVBDyGc,Fully Awakening NEW Gravity Fruit in Blox Fruits,WinterKloudz,2025-04-18T21:32:12+00:00,20,US,797543,18346,2664,2025-04-20T19:00:01.338765+00:00
0BNhuPJDTJg,"Tom MacDonald - ""Proud To Be A Problem""",Tom MacDonald,2025-04-18T15:59:24+00:00,24,US,1680597,57118,5423,2025-04-20T19:00:01.338767+00:00
Rq5LyXG8m2U,Superman | Superman Day - Behind The Scenes Look,DC,2025-04-18T16:01:23+00:00,1,US,1764591,80502,5305,2025-04-20T19:00:01.338769+00:00
NCOHOZMRM1Q,I Ain't Comin' Back,Morgan Wallen - Topic,2025-04-17T10:00:41+00:00,10,US,330280,16087,185,2025-04-20T19:00:01.338771+00:00
SXnFASFePu0,HOPSCOTCH,Nettspend,2025-04-18T23:14:27+00:00,10,US,198859,19532,2605,2025-04-20T19:00:01.338772+00:00
0nF3FUwhVOw,Yeat - The Bell (Real Lyfe Shit),Yeat Music,2025-04-18T16:00:01+00:00,10,US,787951,75948,5044,2025-04-20T19:00:01.338774+00:00
4eBIUoUVMR4,Morgan Wallen - I Ain't Comin' Back (feat. Post Malone) (Lyric Video),Morgan Wallen,2025-04-18T04:00:17+00:00,10,US,410959,16952,1873,2025-04-20T19:00:01.338775+00:00
RmJsk0_Gt5E,Marilyn Manson - In The Air Tonight,Marilyn Manson,2025-04-18T13:59:00+00:00,10,US,392957,30691,0,2025-04-20T19:00:01.338777+00:00
wPbadzxMrXs,Jarahn - Kik Osem Kava (Audio),Jarahn,2025-04-10T12:00:31+00:00,10,US,64187,1388,247,2025-04-20T19:00:01.338778+00:00
XdFpzaM07i0,Addison Rae - Headphones On (Official Video),AddisonRaeVEVO,2025-04-18T04:00:06+00:00,10,US,892996,69424,4831,2025-04-20T19:00:01.338780+00:00
2iYITT3xS5A,"Mozzy, Polo G - WHO WANT WAR (Official Video)",MozzyVEVO,2025-04-18T17:00:06+00:00,10,US,332847,17642,864,2025-04-20T19:00:01.338781+00:00
MIR-Ktf9gno,INFLUENCERS PICK MY MAKEUP ROUTINE!,James Charles,2025-04-18T19:21:04+00:00,24,US,790243,31855,1898,2025-04-20T19:00:01.338783+00:00
2vnbxNgHW1Y,"COACHELLA, I'M BACK!",emma chamberlain,2025-04-18T16:03:24+00:00,24,US,670522,38463,1560,2025-04-20T19:00:01.338785+00:00
bxlzbJPvwK8,"We Joined the Crumbl Cookie Fandom for 1 month *many sugar, many pain*",More Mia Maples,2025-04-18T18:00:39+00:00,26,US,449065,24172,1223,2025-04-20T19:00:01.338786+00:00
1Yuiuyqim1U,Blox Fruits ALL Changes in Gravity Update,MeEnyu,2025-04-18T08:19:51+00:00,20,US,1826723,34448,5573,2025-04-20T19:00:01.338788+00:00
Fv2Y1odMjvE,The Weeknd - Drive (Official Music Video),TheWeekndVEVO,2025-04-18T14:00:21+00:00,10,US,2926756,137756,6286,2025-04-20T19:00:01.338790+00:00
lmBm1ATl2m8,Qualifying Highlights | 2025 Saudi Arabian Grand Prix,FORMULA 1,2025-04-19T19:06:01+00:00,17,US,4292508,99483,4339,2025-04-20T19:00:01.338791+00:00
MfPI3AWgV_0,Our Wedding Outfit Reveal!!,Bryton Myler,2025-04-18T12:45:02+00:00,24,US,598094,11444,1715,2025-04-20T19:00:01.338793+00:00
7qMnRmNn3s0,The Pottstown Scout Team RETURNS For 2025 With An INSANE New Roster!,CS99TV,2025-04-18T00:23:29+00:00,24,US,388433,13172,6240,2025-04-20T19:00:01.338795+00:00
0S6PUCm9Vhw,I Tested CHEAP vs EXPENSIVE Beauty Products,Hang with Hopescope,2025-04-17T14:30:03+00:00,26,US,907134,23465,1314,2025-04-20T19:00:01.338796+00:00
4Q4nDw1D8kg,The New Mike Tyson? Moses Itauma — A Teen Prodigy with Brutal Power!  ...He’s Just Getting Started!,History of Boxing EN,2025-04-11T23:15:33+00:00,17,US,4244781,40073,5557,2025-04-20T19:00:01.338798+00:00
